12XHHW-2SIS,[]
ENT 16897307,[]
ENT 16511510,"['662019960227', '662019960203', '']"
3THHNBLK,"['', '9801304184702']"
10SOLWHT,"['', '', '', '980100230302']"
UNI P1010,"['', '786364101002']"
16/2PR SP/OS LSZH K1,[]
16/3 SHD LSZH K1 600V,[]
ENT 11523710,[]
12SOLBLK,[]
12SOLGRN,"['', '03288622442', '', '0328860156808699']"
EVR EN93,"['039800019219', '3980001921993']"
RYC GS54,[]
DWY 2001LT,[]
EFX LA15,[]
EFX LA16,[]
OMN A30803,"['', '', '']"
OMN A31003,"['', '', '']"
GRC 200,"['', '']"
GRC 112,"['091111001055', '786692001654', '']"
PVC 112,"['670648234855', '924090', '7802', '025528721725']"
PVC 500,"['9800600601215', '670648235111', '98006006012', '670648235111', '5133848200362', '', '980060060728']"
GRC 500,"['091111001123', '091111001123']"
2THHNBLK,"['', '', '0032886233005']"
4THHNBLK,[]
EFX LA11,[]
GRC 300,"['091111001086', '', '98001000108', '091111001086', '091111001086', '091111001086']"
DUR PC2400,"['0413335354872400', '']"
EVR EN95,"['039800019226', '10039800019223', '']"
6THHNWHT,[]
12THHNBLU,[]
PVC 400,"['9800600601015', '670648235074', '670648235081', '60878908116', '60878908116']"
GRC 400,"['091111001109', '091111001109', '', '', '091111001109']"
SEA NM-32-BK,['785411509716']
GRC 012,['091111001055']
6-7MHDBC,[]
HARTING 09330242601,['890']
12/3SO,"['', '079407627257', '079407027255', '02989243562', '079407412105']"
16TFFNBLU25,[]
HON 24001660-137,[]
DUR PC1604,"['6589219351949', '41333269481', '041333526485', '0792679619347', '41333527482']"
10THHNBLU,"['980100230302', '980100230302', '980100230302', '980100230302', '980100230302', '980100230302', '980100230302', '980100230302', '980100230302', '980100230302', '980100230302', '980100230302']"
MPH BOLT-STAPLESETEZPACK,[]
12THHNGRY,[]
GRC 112XCLS,[]
3/0THHNBLK,[]
TCNH14/5T,[]
12THHNWHT,[]
TCNH14/3T,[]
TCNH14/7T,[]
16/2PR SP/OS AIA,['']
14THHNGRN,[]
14THHNORG,[]
BEL 8760,[]
14THHNYEL,[]
TYT T150LL-0X2,[]
14THHNBRN,[]
