16TFFNGRN,032886227400032886
TCNH6/3GT,
CC 068266304,07940706826
4THHNGRNM,
4THHNGRNM,
4THHNGRNM,048243232413
4THHNGRNM,0032886232206
12/2MC,077680230348
12/2MC,077680228987
12/2MC,0032886347146
12/2 HCF,077680162199
12/2 HCF,
12/2 HCF,03288608013
EMT 100,9800100261312
KIL EALB10,78227451640
KIL EALB10,78227451640
KIL EALB10,78393665008
PEC 14FWSS,
PEC 14FWSS,70559171048
PEC 14LWSS,
PEC 14LWSS,
PEC 14LWSS,008236142877
PEC 14X112HBSS,
PEC 14X112HBSS,70559174010
PEC 14X112HBSS,733424153174
PEC 14X114HBSS,
PEC 14X114HBSS,
PEC 14X114HBSS,733424153174
PEC 14X4HBSS,
PEC 14X4HBSS,
14MTWBLUM,12605
10THHNRED,98010
10THHNRED,980100230302
PEC 14FWUSSZJ,705591962460
PEC 14LWZJ,
PEC 14LWZJ,
PEC 14LWZJ,781002310402
PEC 14LWZJ,08593708051
PEC 14X34HBG2ZJ,
PEC 14X34HBG2ZJ,70559196298
12MTWRED,980130309108
12MTWRED,
12MTWRED,02989225738
12MTWRED,98013030910
4/0THHNBLK,048243234165
4/0THHNBLK,032886234163032886
4/0THHNBLK,
BEL 9463,
UNI P1008EG,
UNI P1008EG,78636410080
UNI P1008EG,
UNI P1008EG,
ALU 112,091111011054
ALU 112,786692011653
ALU 112,696333643030
ALU 112,
ALU 112,
ALU 112,85142200341
YUA NP10-6,0878999000055
YUA NP10-6,740737289001
ING 37759438,100
1WELD,
EMT 012,98001002001
EMT 012,98001002001
EMT 012,
EMT 012,
EMT 012,68785520077
EMT 012,01899700800101899700
EMT 200,98001
EMT 200,
EMT 200,785592403575
ATR VMBSIWH,074983586905
ATR VMBSIWH,133588994253
ATR VMBSIWH,07498358694
12MTWWHT,
2/0WELD,615872447978
TCNH8/3GT,
RAY WHH2D-A,012800451845
RAY WHH2D-A,01280045184
RAY WHH2D-A,012800508303
BEL 121872A,121872010100010
BEL 121872A,
PAN ABMM-A-C,07498358500
PAN ABMM-A-C,715933169914
PAN ABMM-A-C,074983580620
PAN ABMM-A-C,07498358500
PAN ABMM-A-C,000749835850073007498
PAN ABMM-A-C,
OMN J662304-DB,
RAY 814-8LTFUSK,
RAY 814-8LTFUSK,0012800522958
RAY 814-8LTFUSK,012800522958
RAY 814-8LTFUSK,
RAY 814-8LTFUSK,0128005229582611171
LED 24E,600300297980
MEN PCG-1.0,4024092099076984
MEN PCG-1.0,4024092099076984
MEN PCG-1.0,4024092099076984
MEN PCG-1/2,
MEN PCG-1/2,
MEN PCG-1/2X,
MEN PCG-1/2X,
MEN PCG-1/2X,24092026416
MEN PCG-1/2X,24092026416
MEN PCG-1/2X,24092026416
MEN PCG-3/4,
14/5 XLP/PVC,99319
ENT 11511811,662019955889
ENT 11511811,
ENT 11511811,662019955889
EFX EF12,
EFX EF12,78267380122
EFX EF12,
EFX EF12,78267380122
EFX LA13,30782673231028
EFX LA13,00782673231027
EFX LA13,00782673231027
14THHNBLK,98010
14THHNBLK,98010
8THHNGRN,0003288623140722499
8THHNGRN,980100229405
PEC BROWNT,054007108856
PEC GREENT,054007108511
PEC GREENT,054007108511
PEC GREENT,054007108511
PEC ORGT,54007108696
PEC ORGT,054007108696
PEC ORGT,1010
PEC YELT,054007108443
16/3THHN,
16/3THHN,
PVC 034,98006006002
PVC 034,03448106062
PVC 034,
PVC 012,98006006001
PVC 034FA,03448106242
PVC 012FA,03448106241
PVC 012LB,611942112579
