16TFFNGRN,['032886227400032886']
EVR A76BP,[]
10MTWRED,[]
DEN 08472,[]
TCNH6/3GT,['']
CC 068266304,['07940706826']
4THHNGRNM,"['', '', '048243232413', '0032886232206']"
12/2MC,"['077680230348', '077680228987', '0032886347146']"
12/2 HCF,"['077680162199', '', '03288608013']"
EMT 100,['9800100261312']
KIL EALB10,"['78227451640', '78227451640', '78393665008']"
16/2THHN,[]
12/3THHN,[]
PEC 14FWSS,"['', '70559171048']"
PEC 14LWSS,"['', '', '008236142877']"
PEC 14X112HBSS,"['', '70559174010', '733424153174']"
PEC 14X114HBSS,"['', '', '733424153174']"
PEC 14X4HBSS,"['', '']"
EFX LA14,[]
14MTWBLUM,['12605']
MEN DP1-RJ45-R-24LS,[]
VB280,[]
TCNH10/3GGT,[]
10THHNRED,"['98010', '980100230302']"
TCNH10/3T,[]
PEC 14FWUSSZJ,['705591962460']
PEC 14LWZJ,"['', '', '781002310402', '08593708051']"
PEC 14X34HBG2ZJ,"['', '70559196298']"
12MTWRED,"['980130309108', '', '02989225738', '98013030910']"
12MTWGRY,[]
4/0THHNBLK,"['048243234165', '032886234163032886', '']"
BEL 9463,['']
TCNH2/3GT,[]
8/4SO,[]
12/3W/GTHHN,[]
UNI P1008EG,"['', '78636410080', '', '']"
ALU 112,"['091111011054', '786692011653', '696333643030', '', '', '85142200341']"
YUA NP10-6,"['0878999000055', '740737289001']"
ING 37759438,['100']
1WELD,['']
ING 30445290,[]
TCNH10/5T,[]
ING 39548375,[]
TCNH12/4T,[]
EMT 012,"['98001002001', '98001002001', '', '', '68785520077', '01899700800101899700']"
EMT 200,"['98001', '', '785592403575']"
ATR VMBSIWH,"['074983586905', '133588994253', '07498358694']"
CUT CHARGE,[]
12MTWWHT,['']
2/0WELD,['615872447978']
TCNH8/3GT,['']
RAY WHH2D-A,"['012800451845', '01280045184', '012800508303']"
BEL 121872A,"['121872010100010', '']"
ALP FIT-221-3/8 BLACK,[]
PAN ABMM-A-C,"['07498358500', '715933169914', '074983580620', '07498358500', '000749835850073007498', '']"
OMN J662304-DB,['']
RAY 814-8LTFUSK,"['', '0012800522958', '012800522958', '', '0128005229582611171']"
LED 24E,['600300297980']
MEN PCG-1.0,"['4024092099076984', '4024092099076984', '4024092099076984']"
MEN PCG-1/2,"['', '']"
MEN PCG-1/2X,"['', '', '24092026416', '24092026416', '24092026416']"
MEN PCG-3/4,['']
14/5 XLP/PVC,['99319']
12MTWYEL,[]
14MTWORG,[]
14MTWYEL,[]
ENT 11511811,"['662019955889', '', '662019955889']"
14SISBLK,[]
ALP FIT-221-1/4RED,[]
EFX EF12,"['', '78267380122', '', '78267380122']"
EFX LA13,"['30782673231028', '00782673231027', '00782673231027']"
6145NL559400278,[]
14THHNBLK,"['98010', '98010']"
TCNH12/3T,[]
8THHNGRN,"['0003288623140722499', '980100229405']"
PEC BROWNT,['054007108856']
PEC GREENT,"['054007108511', '054007108511', '054007108511']"
PEC ORGT,"['54007108696', '054007108696', '1010']"
PEC YELT,['054007108443']
16/3THHN,"['', '']"
PVC 034,"['98006006002', '03448106062', '']"
PVC 012,['98006006001']
PVC 034FA,['03448106242']
PVC 012FA,['03448106241']
PVC 012LB,['611942112579']
MEM HPS-RK-120-CONSUPERSTA2,
10MTWGRN,[]
