16MTWBLU,00029892253684
CAN 949,
CAN 949,
FEI ESL13T//G,767627315312000
FEI ESL13T//G,836701001899
FEI ESL13T//G,017801860122
ALU 034X400,786692012360
GFI UYL 15-1-IVY,076335261409
16TFFNWHT,
16TFFNWHT,032886227400032886
RAY KE810-2ZMA,
RAY KE810-2ZMA,0012800517923
RAY KE810-2ZMA,012800517923
RAY KE810-2ZMA,128005179238102
RAY KE810-2ZMA,012800517923
RAY KE810-2ZMA,039800013200
RAY KE810-2ZMA,012800517923
2/0-3 W/GND AIA 600V,
PAP TYP 4606X,
ING 39488671,
14MTWRED,
14MTWRED,22930
14MTWRED,32886469367
14MTWRED,980130308101
14MTWRED,
16/2SHLDTC,
BEL 8465,
BEL 8465,
GE 327,04316828519310033
GE 327,0043168285193
PVC 200CPLG,9800200013621
38440913,
38440913,
ALU 012,
ALU 012,091111011016
10THHNBLK25,
GE THQB1130,653166160097
GE THQB1130,
GE THQB1130,
16MTWBLK,17419
16MTWBLK,980130307005
LEV 84004-40,078477428603
LEV 84004-40,07847742860
LEV 84004-40,07847742860
LEV 84004-40,07847742860
UNI HLKW050EG,786364870021
18/12PR SP/OS LSZH,21220061000
