FISH 200 KNIFE,[]
LED F8T5/CW,"['045923119057', '04592311905711905', '4667711464041']"
GE MVR250/VBU/PA,"['043168263177', '0043168263177', '', '', '']"
ENT 011482505,"['', '662019955711', '662019955711', '102']"
BLI BVT212YZN,['781011580551']
3M 17-034,"['021200010354', '054007697640']"
SIE B32,"['', '78364327178']"
EFX EF16,"['78267380164', '']"
NEE 1906,"['687855219063', '', '687855319039', '687855219063']"
NEE 1803,"['687855218035', '687855218035', '68785521803', '68785521803', '', '68785531803239', '', '687855218035']"
RAC 7488,"['1', '', '', '']"
HYP 220819,"['', '662310314729']"
SIE BQD320,"['0783643277359320', '783643277359']"
EFX NM13,[]
16/6SO,"['079407260690', '079407260690']"
UNI P2452EG,"['786364028859', '786210585888']"
COO LSR04812,[]
PHL PLT32W/841/4P/ALTO,"['046677268725', '046677433451', '', '046677268725240', '046677268725']"
WHI 32264,"['084705322643', '084705322643', '08470532264327111736', '084705322643271', '084705322643', '']"
APL T57,"['', '781381507110', '781381507110', '782274627700', '']"
NEL LT3-JT,[]
GEN 280170,[]
12XHHWGRN25,"['', '98010023948']"
PAC POCF3,['']
BL 9A-2130,"['78101130259', '78101130259', '78101130259', '781011302597', '781011302597', '']"
UNI 032N036,['786363998443']
JOH VFD66FAA-2C,[]
NIC CR14250SE013102,['847628540224']
1BELDEN 6321UL-002-1000,['']
ENT 10150125,[]
NIC CR17450ER013102,['0039800117274']
WMF2,['']
INT K4121C,"['', '07827', '', '07827500201']"
RYC RVC-3V,['1010']
GE EVB44,[]
500BARE,['884842038793']
ENT 11695115,[]
HUB BR20I,"['78358583488', '78358', '78358583488', '', '', '']"
DWY 4200BNIST,[]
ALF UO50001001,[]
LIG LEC-361,['']
DUR DX2400B2N,['']
GRC 200X600,"['', '']"
GRC 112X600,[]
GRC 112X400,[]
GRC 100X600,['']
GRC 034X600,"['786692004365', '98002000431001']"
GRC 034X400,"['786692004365', '786692004327']"
BEL B9B037,[]
ROS 248HANAN0NSF6,[]
MEL MB202,['88055368']
ALP 5857-5,[]
CAR B114R,"['114', '45455', '34481100157', '', '1', '', '78500720701']"
BRY GFR53,['']
AMA CORD,"['79947203740802661660067', '', '6402067203428049936']"
BEL 9731,[]
WHE UTA-WH-VPS,"['786697263484', '9999940664780123023']"
BUY PDC100,['696334020236']
SAN CR14250SE,[]
WEE 305-01A-E-8-C/F-009.0-Z006,[]
UTI LA1600830LED,[]
LIT U079903 REPL,"['753573154204079903', '7535731542040']"
STR 85177,"['', '0734911323568068691272397', '08092685177185177', '080926851771']"
TUR B8141-0,[]
STR 73001,"['0809267300140', '', '080926730014']"
EAG 13017W,"['', '032664750878', '03266', '032664750878', '03266475087', '032664750878', '']"
TAP 1680AB3M/VNTC/BLACK,[]
RAC 907,"['050169999974', '', '050169999974', '05016999997']"
CC 068536304,[]
NEE CNN100,"['687855949007', '785592985149', '', '', '', '', '']"
ERI 3000037EG,"['', '78285633976', '782856339762']"
TCP 1R201441K,"['76214812037', '762148120377', '762148120377000', '76211']"
HUB 2720A,"['078477809631', '783585236131', '078477809495', '078477809631']"
NAP 730-1046,"['', '', '']"
COM 6202,['704888461655']
PVC 034FSCC,"['', '', '08870001107']"
PHO REL-IR/LPD-60DC/2X21-2833958,['4017918941628']
PRO P4962,['785247496204']
EAG 13017V,"['', '032664191107', '0032664160400', '', '', '']"
20/24PRXLPHYPSPOS,[]
LIT L232120GESB,[]
ENT 10300226,"['', '', '102']"
DWY VFA4SSV,[]
HUB EZ2-I,"['', '', '', '0078252043002378']"
14/7 GENFREE,[]
STR 51016,"['080926510166', '080926510166']"
ENT 11527122,"['662019956459', '662019956459']"
GEM 8766,"['463', '0810042340503']"
GE Q500T2/5/CL,"['', '043168237314', '043168196963201226', '', '043168237314004316']"
6/3 NMB,"['032886263743032886', '']"
10STR,"['98010023056', '032886918056032886', '73937395626']"
18/1PRSHLD,"['', '8760', '', '', '']"
WOR 3979,[]
BRA PCK5,"['662820185561940', '', '66282018556']"
ALP 5855-8,"['38', '5473']"
OMN K32202,[]
SEP CR1,"['', '78174791525', '352', '781747915252', '781747915207']"
BEL 1583A,['15830061000612825432']
GE F26DBX/835/4P/EOL,['']
