HN-VEST,
FEI ESL13T/R,836701001912
FEI ESL13T/R,017801860122
ATL FB31/835/ECO,683121940112
ATL FB31/835/ECO,807154303021
ATL FB31/835/ECO,807154303021
BUR YA28L4BOX,
BUR YA28L4BOX,78181055425
BUR YA28L4BOX,
BUR YA28L4BOX,
BUR YA28L4BOX,78181055425812
BUR YA28L4BOX,78181055
BUR YA28L4BOX,
BUR YA28L4BOX,7818105542582
CIS 72-3383-1-20,9125
750MCMTHHN,
750MCMTHHN,048243234523
GRC 114,091111001048
GRC 114,786692001647
GRC 114,
MAD LNS-75-I,
MAD LNS-75-I,50
UNI P1117EG,786364111704
UNI HSQN050EG,786364840024
HAL 250R40/HR,046677415839000
UNI P2558-07 EG,786364255798
12/3 GENFREE,
