12-02FPLR,03288688130
12-02FPLR,03288688130
12-02FPLR,03288688130
THE TP513,696505168378
THE TP513,78618910513
THE TP513,78618910513
THE TP513,786189105131
THE TP513,
16MTWRED,14038
16MTWRED,
16MTWRED,
16MTWRED,
BEL 9730,
CAR 3150,319997
OMN J562304-08,
OMN J562304-08,
TCNH12/3,
ENT 023300001,47259233000
ENT 023300001,
ENT 023300001,662019968483
ENT 023300001,662019968483
ENT 023300001,662019968483
ENT 023300001,662019968483
ENT 023300001,662019968483
GRC 10090,784011200245
GRC 10090,785592993793
GRC 10090,091111001031
GRC 10090,
GRC 10090,5090
GRC 03490,
BEL 7883A,788301010001000
BEL 7883A,8465680116031
BEL 7883A,8465680116031
BEL 7883A,8465680116031
BEL 7883A,037332123077
BEL 7883A,037332168009
BEL 7883A,065030792967
