RYC HVT82G,['045686002108']
SQD H224N,"['0785901477952', '785901477952', '785901477952', '', '00785901477952', '78590147824']"
RACO 795,"['050169007952', '050169007853', '050169007853', '050169002568']"
RAY H22BULK,[]
SQD XMLA300D2S11,"['78590171226', '3389110712261']"
GE 300-130V,['']
LEV CS120I,"['078477815717', '78500712645', '078477815717', '783585901152', '']"
264DCEBEFHSRRRA1E6I2N2-S264FLRAEFHBAS1,[]
DWY 1638-1,[]
PS TP71,"['', '']"
RAC 202,"['050169002025', '0501690820100501690', '352']"
MOT NTN5414BR,"['', '840140914269']"
RAC 3894,[]
GE S250ML5AC4M500K,['30043168872134']
THE TP480,"['786189104806', '786189104806', '786189104806', '786189104806', '0117']"
CC C1104,['07940774012']
RAC 3516,['050169035160']
IDL 82006,[]
LED 47,[]
TOP 633SI,"['', '78599102470', '050169021231', '']"
OLN-115-I,['600300307672']
MAG LWSA201,"['887774560929', '0887774560516', '']"
DWY 4001,['']
DEP 21218TS,['7396981080634']
MER A480T3E,"['78200180053', '78200180053', '06893880057', '00782001800512', '', '00782001432379']"
14/3SJTOYEL,[]
SIE ED63B040/S01ED60,"['783643209718', '783643285552', '0783643308077']"
TOP 123,"['751338107205', '751338107205', '7513381072051', '75133810720', '75133810721']"
TOP X2103,['']
CC C1135-18/CL2,[]
AMP 53434-2,[]
APL LL27,"['', '', '781381506823', '782274524009', '782274524009', '782274524009', '781381167710']"
THE TP437,"['786189104370', '050169902332', '', '785991036947']"
RAY HVIS05,[]
RAY TFT-152E-G,['71562951200']
NEE PB700D,"['687855147007', '687855147007', '68785514700', '68785514700', '68785514700', '', '']"
ILS TA2,"['783669887747', '78366', '', '0078378661000600', '', '783669887747', '783669177497']"
NEE RB16,"['785991432404', '785991432398', '785991432381', '']"
BUR YC4C8,"['78181011425412', '781810114254', '781810102596', '']"
THE TP7296,"['', '78500711630', '78618907296', '786189072969', '']"
